,n_observations,n_users,slope,intercept,r_squared,ci_low,ci_high,mean_freq_t,mean_freq_t1,std_freq_t,std_freq_t1
Q1,126.0,107.0,-0.0015675906888419657,1.2222222222222223,1.201131122352539e-05,-0.08132239361374105,0.07818721223605712,1.253968253968254,1.2222222222222223,0.5625411157672808,0.45231132853253997
Q2,88.0,76.0,0.32114453741158777,1.7045454545454546,0.19594412534682026,0.1832845607178278,0.4590045141053477,1.7045454545454546,1.7045454545454546,0.9312636931158126,0.7254949863414714
Q3,77.0,67.0,0.7648886846924756,2.5194805194805197,0.20363915205621708,0.4214977792597931,1.108279590125158,2.4805194805194803,2.5194805194805197,1.5922734674279588,1.6949917795486187
Q4,190.0,120.0,3.34114822811204,5.136842105263158,0.4723413712727912,2.835765607398462,3.846530848825618,5.38421052631579,5.136842105263158,5.303897589498613,4.8614715691007095
